{
  "RECORDS": [
    {
      "id": "100001",
      "Activiteid": "1",
      "Style": "photography show"
    },
    {
      "id": "100002",
      "Activiteid": "2",
      "Style": "recital contest"
    },
    {
      "id": "100003",
      "Activiteid": "3",
      "Style": "poetry contest"
    },
    {
      "id": "100004",
      "Activiteid": "4",
      "Style": "singing contest"
    },
    {
      "id": "100005",
      "Activiteid": "5",
      "Style": "tradition culture knowledge contest"
    }
  ]
}