{
  "RECORDS": [
    {
      "_id": "60802be7ce0d0000430049e2",
      "acid": "0001",
      "acname": "安全教育",
      "object": "社区居民",
      "style": "公民素养"
    },
    {
      "_id": "60802be7ce0d0000430049e3",
      "acid": "0002",
      "acname": "环境保护",
      "object": "社区居民",
      "style": "公民素养"
    },
    {
      "_id": "60802be7ce0d0000430049e4",
      "acid": "0003",
      "acname": "摄影",
      "object": "社区居民",
      "style": "家庭生活"
    },
    {
      "_id": "60802be7ce0d0000430049e5",
      "acid": "0004",
      "acname": "书法",
      "object": "社区居民",
      "style": "文娱休闲"
    },
    {
      "_id": "60802be7ce0d0000430049e6",
      "acid": "0005",
      "acname": "绘画",
      "object": "社区居民",
      "style": "文娱休闲"
    },
    {
      "_id": "60802be7ce0d0000430049e7",
      "acid": "0006",
      "acname": "广场舞",
      "object": "社区居民",
      "style": "活动"
    }
  ]
}