{
  "RECORDS": [
    {
      "_id": "60801f78ce0d0000430049c6",
      "age": "18",
      "count": "1",
      "id": "1",
      "name": "张三",
      "personal type": "社区居民",
      "sex": "男"
    },
    {
      "_id": "60801f78ce0d0000430049c7",
      "age": "18",
      "count": "3",
      "id": "2",
      "name": "李四",
      "personal type": "活动经理",
      "sex": "男"
    },
    {
      "_id": "60801f78ce0d0000430049c8",
      "age": "30",
      "count": "5",
      "id": "3",
      "name": "王麻子",
      "personal type": "社区居民",
      "sex": "男"
    },
    {
      "_id": "60801f78ce0d0000430049c9",
      "age": "27",
      "count": "3",
      "id": "4",
      "name": "赵六",
      "personal type": "社区居民",
      "sex": "男"
    }
  ]
}