{
  "RECORDS": [
    {
      "id": "200001",
      "ResourceId": "1",
      "Style": "vocational skills"
    },
    {
      "id": "200002",
      "ResourceId": "2",
      "Style": "literary leisure"
    },
    {
      "id": "200003",
      "ResourceId": "3",
      "Style": "digital books"
    },
    {
      "id": "200004",
      "ResourceId": "4",
      "Style": "film and television"
    },
    {
      "id": "200005",
      "ResourceId": "5",
      "Style": "animated show"
    }
  ]
}